"","o_year","mkt_share"
"1",1995,0.0286487413056176
"2",1996,0.0182502791079621
